Symbol,Description,Price,Price - Currency,Price Change % 1 day,Volume 1 day,Relative Volume 1 day,Market capitalization,Market capitalization - Currency,Price to earnings ratio,"EPS diluted, Trailing 12 months","EPS diluted, Trailing 12 months - Currency","EPS diluted growth %, TTM YoY","Dividend yield %, Trailing 12 months",Sector,Analyst Rating
BAER,"Bridger Aerospace Group Holdings, Inc.",5.01,USD,3.94190871,14721,0.64903687,243659305.46265557,USD,-,-0.3532,USD,-385.7605178,0,Transportation,-
PNRG,PrimeEnergy Resources Corporation,103.01,USD,-0.47342995,621,0.53359684,187537540.72685993,USD,7.64571844,13.4729,USD,-17.12299696,0,Energy Minerals,-
EACO,EACO Corp.,32.02,USD,-5.82352941,604,0.59902807,155668101.38466132,USD,8.6040575,3.7215,USD,-5.20644948,0,Distribution Services,-
FATBB,FAT Brands Inc.,7.1,USD,-0.14064698,246,0.36102143,137645255.44303796,USD,-,-8.3509,USD,-75.93064655,7.87623,Consumer Services,-
WEBC,"Webco Industries, Inc.",163,USD,-2.97619048,210,2.79255319,132519008.67610964,USD,6.56463955,24.83,USD,-44.98811362,0,Non-Energy Minerals,-
RMGC,RMG Acquisition Corp. III,10,USD,0.50251256,9242,3.44966593,127107784.32351471,USD,-,-0.4974,USD,-296.36794315,0,Finance,-
DIT,AMCON Distributing Company,198.98,USD,2.04102564,51,0.39937353,125429422.99999999,USD,11.90798214,16.7098,USD,-40.17471627,0.361845,Distribution Services,-
GATE,Marblegate Acquisition Corp.,10.43,USD,-0.33444816,2546,1.55206047,124945107.05026329,USD,-,-0.3516,USD,-2398.03921569,0,Finance,-
COOL,Corner Growth Acquisition Corp.,10.8814,USD,-0.35347985,8598,2.67675353,115287760.00000001,USD,-,-0.2243,USD,-164.34308663,0,Finance,-
BLEU,bleuacacia ltd,10.79,USD,0.46554935,2739,1.0695041,114913497.990689,USD,53.62823062,0.2012,USD,6390.32258065,0,Finance,-
CRAWA,Crawford United Corporation,40,USD,1.26582278,750,0.27736686,112368755.44303799,USD,10.60417274,3.7721,USD,99.31836196,0,Producer Manufacturing,-
PTWO,"Pono Capital Two, Inc.",12,USD,0,207,0.0587334,100375422.68041238,USD,150,0.08,USD,-,0,Finance,-
MRTI,"Maxus Realty Trust, Inc.",79.8,USD,-0.25,1500,10.19021739,98473201,USD,-,-126.3976,USD,-201.75565922,1.50376,Finance,-
SEPA,SEP Acquisition Corp,11.96,USD,9.72477064,466,0.18176854,98430908.99999999,USD,-,-0.3415,USD,-213.94728061,0,Finance,-
UTGN,"UTG, Inc.",31,USD,0,223,0.7156611,98066828.7587822,USD,6.07116978,5.1061,USD,-15.68527081,0,Finance,-
ESAC,ESGEN Acquisition Corporation,6.95,USD,6.10687023,27538,0.77921049,96797043.88549618,USD,-,-0.0977,USD,-115.96405229,0,Finance,-
OSI,Osiris Acquisition Corp.,10.71,USD,0.28089888,4273,2.59772631,94821425.23314609,USD,-,-0.2356,USD,-249.20835972,0,Finance,-
BLUA.U,BlueRiver Acquisition Corp.,10.64,USD,-1.39017609,100,0.07745333,93602616,USD,-,-,-,-,0,Finance,-
FOTB,First Ottawa Bancshares,100,USD,0.90817356,183,0.571875,88689898.08274472,USD,7.15640319,13.9735,USD,-,1.51362,Finance,-
ALTU,Altitude Acquisition Corp.,10.26,USD,-0.38834951,5284,3.60756469,86958167.97673292,USD,-,-0.9305,USD,-332.74137069,0,Finance,-
ASCB,A SPAC II Acquisition Corp.,11.68,USD,4.75336323,5041,1.28051414,85221889.14798206,USD,38.28253032,0.3051,USD,-,0,Finance,-
HEOL,HIGHWATER ETHANOL LLC,17250,USD,1.47058824,8,1.9047619,82023750,USD,5.38429189,3203.7639,USD,-21.94739759,0,Process Industries,-
BACA,Berenson Acquisition Corp. I,10.27,USD,0,221,0.60948704,81574283.27255091,USD,124.03381643,0.0828,USD,-85.41226216,0,Finance,-
VSTE,Vast Renewables Limited,2.7006,USD,4.27027027,11066,2.21076816,79105663.4318919,USD,369.94520548,0.0073,USD,-45.92592593,0,Utilities,-
LINK,"Interlink Electronics, Inc.",11.9,USD,0.84745763,3516,0.45449257,78225481.99152543,USD,73.00613497,0.163,USD,-,0,Electronic Technology,Strong buy
IRAA,Iris Acquisition Corp,10.69,USD,0.56444026,1430,0.20703035,78107647.52492943,USD,-,-0.0911,USD,-131.45718232,0,Finance,-
GGAUF,Genesis Growth Tech Acquisition Corp.,11.71,USD,3.62831858,100,0.03094442,77070434,USD,-,-,-,-,0,Finance,-
GGAAF,Genesis Growth Tech Acquisition Corp.,11.81,USD,-1.2541806,109,0.18490246,75660999.6292602,USD,-,-0.0816,USD,-862.61682243,0,Finance,-
INTE,Integral Acquisition Corporation 1,10.8297,USD,0.0896488,368,0.023183,74706969,USD,123.06477273,0.088,USD,-,0,Finance,-
MAQC,Maquia Capital Acquisition Corporation,10.99,USD,-0.00818859,1623,0.6697755,67862907.00000001,USD,-,-0.2059,USD,-160.70165094,0,Finance,-
BIOQ,"BIOQUAL, Inc.",75.25,USD,7.5,689,1.03686983,67261309.02222222,USD,-,-0.5117,USD,-108.44180483,0.634921,Finance,-
RDIB,Reading International Inc,16.1,USD,4.00516796,2974,0.40095993,65785846.85382383,USD,-,-1.423,USD,-38.31648523,0,Consumer Services,Neutral
IOR,"Income Opportunity Realty Investors, Inc.",16.1,USD,0,523,0.33908195,64714628.00000001,USD,11.57940161,1.3904,USD,71.63313171,0,Finance,-
VBFC,Village Bank and Trust Financial Corp.,40.55,USD,-2.41848153,2487,1.63683033,60210142.8919403,USD,31.37816297,1.2923,USD,-,1.57612,Finance,-
AIB,AIB Acquisition Corporation,11.55,USD,0,102,0.23770683,49809365,USD,-,-0.0792,USD,-39500,0,Finance,-
KANP,Kaanapali Land LLC,26.25,USD,0,318,0.27128476,48421092,USD,8.85508029,2.9644,USD,-6.95250949,0,Consumer Non-Durables,-
JANL,Janel Corp.,40.21,USD,-4.26190476,392,0.28494585,47703296.27783133,USD,136.30508475,0.295,USD,-,0,Transportation,-
BDL,"Flanigan's Enterprises, Inc.",25.45,USD,-0.62475595,12110,6.62653899,47302567.47169074,USD,13.57695385,1.8745,USD,-35.14514064,1.75713,Consumer Services,-
KWIK,"KwikClick,Inc.",0.3,USD,62.16216216,28657,0.9245476,45524613.00000001,USD,-,-,-,-,0,Technology Services,-
CIBY,"CIBL, Inc.",1820,USD,0.51083805,5,0.69444444,45500000.99862826,USD,79.50271489,22.8923,USD,-,0,Communications,-
INTG,The Intergroup Corporation,19.85,USD,-1.87839842,367,0.10797293,44155196.60158181,USD,-,-5.0703,USD,-272.21406548,0,Consumer Services,-
BIMI,BIMI International Medical Inc.,3.8,USD,-3.06122449,19366,0.64131774,44040363.67346939,USD,-,-,-,-,0,Distribution Services,-
FFWC,FFW Corporation,35.5,USD,4.25844347,2103,1.30913845,43736001.98462613,USD,8.67631245,4.0916,USD,-,3.18658,Finance,-
YOTA,Yotta Acquisition Corporation,11,USD,2.3255814,215,0.21816337,43393186.0552176,USD,73.28447702,0.1501,USD,-,0,Finance,-
DHAC,Digital Health Acquisition Corp.,11.46,USD,-0.6932409,3423,0.87839052,41301450,USD,-,-0.4928,USD,-222.51308901,0,Finance,-
ADRT,Ault Disruptive Technologies Corporation,13.43,USD,1.05342363,1842,0.41085807,39513476.18735892,USD,118.5348632,0.1133,USD,-,0,Finance,-
CTNT,Cheetah Net Supply Chain Service Inc.,2.18,USD,2.34741784,4318,0.25399402,39056900.46948358,USD,-,-,-,-,0,Industrial Services,Strong buy
BSPA,"Ballston Spa Bancorp, Inc.",52.5,USD,2.73972603,100,0.10042177,39007497.98561152,USD,7.03791088,7.4596,USD,-,2.53237,Finance,-
VTVT,vTv Therapeutics Inc.,14.54,USD,-2.15343203,15203,0.04282956,38710122.81965007,USD,-,-3.4488,USD,66.36662408,0,Health Technology,-
NCSM,"NCS Multistage Holdings, Inc.",15.77,USD,2.73615635,10457,7.02000537,38465016.97805851,USD,-,-1.5525,USD,-213.44639612,0,Industrial Services,-
WAVS,Western Acquisition Ventures Corp.,10.58,USD,-0.18867925,250,0.0826419,37626816.55529412,USD,-,-0.1392,USD,26.69826224,0,Finance,-
ZENV,Zenvia Inc.,2.05,USD,-10.0877193,74356,1.05425389,37053868.68421053,USD,-,-0.882,USD,-348.85496183,0,Technology Services,Neutral
BSHI,"Boss Holdings, Inc.",17.5,USD,0,1000,0.76347534,36854999.05405406,USD,-,-,-,-,0,Distribution Services,-
RAND,Rand Capital Corporation,13.7905,USD,-1.42601858,694,0.41564353,35593570.30750536,USD,5.45359276,2.5287,USD,-,6.79056,Finance,-
AVHIU,Achari Ventures Holdings Corp. I,12.03,USD,-1.79591837,205,0.04221755,35133504,USD,-,-,-,-,0,Finance,-
GSDI,Global Systems Dynamics Inc.,10.5,USD,0,400,0.06614522,34755378,USD,-,-0.1684,USD,-138.86524823,0,Finance,-
SVT,"Servotronics, Inc.",13.85,USD,4.37076112,2199,1.1671355,34572522.97627872,USD,-,-3.7919,USD,-439.00497512,0,Producer Manufacturing,-
MPAD,"Micropac Industries, Inc.",13,USD,-1.88679245,100,0.04073652,33518095.24528303,USD,53.36617406,0.2436,USD,-77.46322509,0.754717,Electronic Technology,-
OSBK,Oconee Financial Corp.,35.11,USD,-3.27823691,850,0.77336002,31599000,USD,-,-,-,-,2.42096,Finance,-
BTQNF,"BQE Water, Inc.",25,USD,0,450,1.35542169,31418203.05801657,USD,20.09869618,1.24386178,USD,-1.48401831,0,Commercial Services,-
MEDS,"TRxADE HEALTH, Inc.",25.53,USD,34.36842105,450572,0.43771895,30763855.58368421,USD,-,-9.9706,USD,-63.36675842,0,Commercial Services,-
NSYS,Nortech Systems Incorporated,11.19,USD,2.42562929,1563,0.42831305,30653628.91167048,USD,15.31617848,0.7306,USD,-72.78653108,0,Health Technology,-
FATH,Fathom Digital Manufacturing Corporation,4.43,USD,0.68181818,1750,0.14851527,30357960.38181818,USD,-,-2.1051,USD,-,0,Producer Manufacturing,Neutral
PBM,Psyence Biomedical Ltd.,2.11,USD,66.14173228,149873212,79.08373325,28254290.60629921,USD,-,-0.0253,USD,-105.54459785,0,Health Technology,-
RSRV,Reserve Petroleum Company (The),179,USD,2.28571429,130,2.65306122,27897151.00000001,USD,14.28742467,12.5285,USD,-39.77290754,5.58659,Energy Minerals,-
AMEN,"AMEN Properties, Inc.",510,USD,2,40,1.58102767,27104460,USD,13.05332668,39.0705,USD,-37.46538793,7.84314,Miscellaneous,-
LOGN,Logansport Financial Corp.,31,USD,1.63934426,100,0.327654,24366000,USD,-,-,-,-,5.6953,Finance,-
PCLB,"Pinnacle Bancshares, Inc.",25,USD,1.01010101,145,0.23125997,24337625.47051443,USD,5.07531771,4.9258,USD,-,4.51694,Finance,-
WHLM,"Wilhelmina International, Inc.",4.42,USD,3.05192231,224,0.24952657,22793941.02910361,USD,46.92144374,0.0942,USD,-86.39318215,0,Commercial Services,-
SSBP,SSB Bancorp Inc.,9.75,USD,2.63157895,100,0.03450775,22222112.64,USD,11.08206411,0.8798,USD,-,0,Finance,-
MBBC,Marathon Bancorp Inc.,9.51,USD,1.30492676,100,0.09661836,20517812.34699308,USD,16.45898235,0.5778,USD,-,0,Finance,-
SPND,Spindletop Oil & Gas Co.,3,USD,0,106,0.66167291,20219829,USD,-,-0.2992,USD,-152.66678402,0,Energy Minerals,-
PIXY,"ShiftPixy, Inc.",3.73,USD,16.5625,166748,5.70222894,20133415.171875,USD,-,-86.7157,USD,97.47849916,0,Commercial Services,Strong buy
MSS,Maison Solutions Inc.,1.43,USD,-9.49367089,143521,1.39174713,19676800,USD,-,-,-,-,0,Retail Trade,-
ERKH,Eureka Homestead Bancorp Inc.,18.25,USD,-1.29799892,400,0.23675644,19566317.85422899,USD,-,-,-,-,0,Finance,-
ELLH,Elah Holdings Inc.,26.0998,USD,-3.33407407,601,0.69689239,19287753.12405028,USD,-,-2.9184,USD,6.86750064,0,Finance,-
AMFC,AMB Financial Corp.,19.65,USD,0,100,0.04907012,19015541.39470366,USD,6.35819447,3.0905,USD,-,1.21059,Finance,-
IMTH,Innovative MedTech Inc. ,0.8,USD,0,151,0.86582569,16925861,USD,-,-0.0956,USD,91.69994791,0,Health Services,-
FRFC,First Robinson Financial Corporation,37.67,USD,-9.77245509,397,0.92196935,16085089,USD,9.12172797,4.1297,USD,-,3.34484,Finance,-
HCGI,Huntwicke Capital Group Inc.,6.18,USD,0.48780488,500,1.61290323,15901138.96828047,USD,-,-0.0718,USD,-0.70126227,0,Finance,-
AOREF,American Overseas Group Limited,342.5,USD,-0.0215428,3,0.15706806,15884807,USD,3.10183248,110.4186,USD,-,0,Finance,-
GVFF,Greenville Federal Financial Corp.,7.05,USD,-8.67875648,3001,2.77921837,15404250,USD,37.26215645,0.1892,USD,-,0,Finance,-
UNTN,"United Tennessee Bankshares, Inc.",18,USD,-4,2700,6.13636364,15310026.74253201,USD,-,-,-,-,3.41394,Finance,-
CVR,Chicago Rivet & Machine Co.,15.28,USD,1.19205298,950,0.42553191,14762497.76953643,USD,-,-4.3176,USD,-197.88700463,4.23841,Producer Manufacturing,-
MINM,"Minim, Inc.",5.27,USD,0.19011407,105425,0.04001867,14698136.20152091,USD,-,-11.157,USD,-45.13170732,0,Electronic Technology,-
PGNT,"Paragon Technologies, Inc.",8.5,USD,-0.8168028,1501,2.69237668,13209001.00830368,USD,4.92982253,1.7242,USD,-39.92753118,0,Distribution Services,-
LYT,Lytus Technologies Holdings PTV. Ltd.,8,USD,-8.04597701,3627421,0.44198867,12490568.27586207,USD,-,-,-,-,0,Technology Services,-
GOVB,"Gouverneur Bancorp, Inc.",11,USD,4.0435091,910,0.75493612,12178473.77630646,USD,44.84304933,0.2453,USD,-,1.51336,Finance,-
CIBN,"Community Investors Bancorp, Inc.",14.4,USD,-0.34602076,2373,2.31467031,11450765.19930676,USD,10.63044441,1.3546,USD,-,2.77296,Finance,-
NUKK,Nukkleus Inc.,0.8004,USD,-2.3902439,424062,1.1452722,11125329.64097561,USD,-,-0.1001,USD,57.79932546,0,Commercial Services,-
CCFC,CCSB Financial Corp.,11.4,USD,-5,3088,14.35611344,10453800,USD,-,-0.2823,USD,-,3.26531,Finance,-
VCNX,"Vaccinex, Inc.",8.65,USD,4.34258142,18688,1.18453162,10091349.81302774,USD,-,-83.9202,USD,21.1219233,0,Health Technology,-
SRNN,"Southern Banc Company, Inc. (The)",12.3,USD,0,800,0.54990377,9926100,USD,4.53472939,2.7124,USD,-,0,Finance,-
LDWY,"Lendway, Inc.",5.35,USD,4.28849903,20586,0.49733287,9339687.9337232,USD,-,-0.5464,USD,-110.03636898,0,Commercial Services,-
SCBS,"Southern Community Bancshares, Inc.",18,USD,1.4084507,100,0.39714059,8767134,USD,-,-,-,-,2.08444,Finance,-
DMSL,"Digital Media Solutions, Inc.",1.94,USD,8.98876404,820,0.81051695,8609262.24719101,USD,-,-,-,-,0,Commercial Services,-
SMTK,"SmartKem, Inc.",6.5,USD,-6.47482014,3660,0.92594935,8484845.61151079,USD,-,-,-,-,0,Electronic Technology,-
SKAS,Saker Aviation Services Inc.,8.67,USD,2,280,0.38240918,8464781.1,USD,4.05993912,2.1355,USD,88.39876489,0,Transportation,-
EZFL,"EzFill Holdings, Inc.",1.84,USD,-0.54054054,35218,0.02394507,8310416.69189189,USD,-,-3.897,USD,13.70299836,0,Technology Services,-
LCTC,"Lifeloc Technologies, Inc.",3.25,USD,-7.14285714,1517,2.37923463,7975500,USD,90.52924791,0.0359,USD,-,0,Electronic Technology,-
SVIN,Scheid Vineyards Inc.,8.5,USD,0,300,0.31075202,7969184,USD,-,-2.4813,USD,-15.81870799,0,Consumer Non-Durables,-
LCFY,Locafy Limited,6,USD,-8.95295903,7377,1.65133302,7657493.17147193,USD,-,-2.5513,USD,-243.79463684,0,Technology Services,-
FXBY,Foxby Corp.,14,USD,0,935,0.41947061,7462130,USD,2.69003151,5.2044,USD,-24.84512412,1.92521,Miscellaneous,-
NEXI,"NexImmune, Inc.",6,USD,-4.76190476,87747,0.57250922,7099920,USD,-,-267.7177,USD,-306.43034439,0,Health Technology,Neutral
MICS,"The Singing Machine Company, Inc.",1.05,USD,-7.89473684,46629,0.57045161,6738964.47368421,USD,-,-2.1731,USD,-276.22922438,0,Consumer Services,-
CAJTF,CANADA JETLINES OPERATIONS LTD.,0.0805,USD,-14.17910448,1185,0.26135286,6152718.6035,USD,-,-0.09260138,USD,34.88299647,0,Transportation,-
KAVL,"Kaival Brands Innovations Group, Inc.",2.15,USD,-4.44019734,15020,0.45933565,6119620.13867283,USD,-,-4.1488,USD,50.18969409,0,Distribution Services,-
SIGY,Sigyn Therapeutics Inc.,5,USD,5.26315789,305,0.77053767,6105215.38461539,USD,-,-3.8228,USD,-21.97830249,0,Health Technology,-
BAOS,Baosheng Media Group Holdings Limited,3.51,USD,-0.32656538,11964,0.12006756,5386049.39940366,USD,-,-11.4352,USD,-,0,Commercial Services,-
TTNP,"Titan Pharmaceuticals, Inc.",7.14,USD,0.28089888,853,0.26529406,5378669.40755467,USD,-,-8.262,USD,51.64348925,0,Health Technology,-
SUIC,SUIC Worldwide Holdings Ltd,1.6,USD,-13.51351351,365,0.35402522,5360576.1849711,USD,-,-0.0103,USD,-186.55462185,0,Technology Services,-
VRPX,"Virpax Pharmaceuticals, Inc.",4.53,USD,7.09219858,31209,1.86850813,5306568.36879433,USD,-,-11.6225,USD,40.24575204,0,Health Technology,Strong buy
ZUKI,Zuki Inc.,0.076,USD,10.30478955,49312,2.84517477,5257581,USD,-,-,-,-,0,Technology Services,-
HSDT,"Helius Medical Technologies, Inc.",5.92,USD,-1.33333333,14448,0.01622121,5249518.56,USD,-,-21.4896,USD,87.88512927,0,Health Technology,Strong buy
UTRS,"Minerva Surgical, Inc.",0.59,USD,-3.27868852,1710,0.35302133,5238363.36065574,USD,-,-23.7052,USD,-97.15887353,0,Health Technology,-
YOSH,Yoshiharu Global Co.,3.9025,USD,0.57989691,2665,0.28572654,5049835,USD,-,-0.95,USD,50.95002065,0,Consumer Services,-
AVTX,"Avalo Therapeutics, Inc.",5.88,USD,12.21374046,89793,3.56325671,4713471.96183206,USD,-,-621.3384,USD,52.41079241,0,Health Technology,Neutral
CETXP,"Cemtrex, Inc.",0.6,USD,27.65957447,18782,2.08510497,4433671,USD,-,-4.2856,USD,74.73783489,0,Electronic Technology,-
CPMV,Mosaic ImmunoEngineering Inc.,0.588,USD,7.29927007,502,0.47403211,4258376.5868658,USD,-,-0.1726,USD,53.68929434,0,Health Technology,-
CETX,Cemtrex Inc.,4,USD,-4.76190476,49839,0.36424642,4222543.80952381,USD,-,-4.2856,USD,74.73783489,0,Electronic Technology,Strong buy
ABBB,"Auburn Bancorp, Inc.",8.33,USD,0.36144578,236,0.38879736,4189990,USD,-,-0.1359,USD,-,0,Finance,-
FNCH,"Finch Therapeutics Group, Inc.",2.5,USD,2.04081633,1153,0.13736657,4014407.14285714,USD,-,-62.6321,USD,6.83448689,0,Health Services,-
BPTH,"Bio-Path Holdings, Inc.",5.83,USD,-6.42054575,27871,1.04104257,3601966.77367576,USD,-,-35.7076,USD,7.820906,0,Health Technology,Strong buy
SASI,"Sigma Additive Solutions, Inc.",3.7568,USD,13.15662651,57441,0.98493136,3517979.54506024,USD,-,-11.0556,USD,36.92678084,0,Technology Services,Neutral
SHMY,SYNERGY EMPIRE LTD.,3.5,USD,-2.50696379,100,-,3500000,USD,-,-0.0888,USD,86.50455927,0,Consumer Non-Durables,-
TNON,"Tenon Medical, Inc.",1.33,USD,1.52671756,19610,0.62817934,3286490.91603053,USD,-,-29.2542,USD,-109.52878906,0,Health Services,Strong buy
SNAX,"Stryve Foods, Inc.",1.259,USD,-0.86614173,13134,0.28865617,3022598.27795276,USD,-,-37.1674,USD,-61.82605856,0,Consumer Non-Durables,Strong buy
DBGI,"Digital Brands Group, Inc.",3.47,USD,-4.4077135,65356,0.61116987,2976770.56749311,USD,-,-545.2808,USD,87.14331826,0,Consumer Non-Durables,-
PRSI,"Portsmouth Square, Inc.",4,USD,38.4083045,517,0.68914956,2936748,USD,-,-21.7928,USD,-222.64597892,0,Consumer Services,-
TBLT,"ToughBuilt Industries, Inc.",3.74,USD,-0.79575597,71739,0.3225441,2896619.08753316,USD,-,-198.8116,USD,92.50619861,0,Consumer Non-Durables,-
NVFY,"Nova Lifestyle, Inc",1.73,USD,3.59281437,11150,1.11296328,2828077.61676647,USD,-,-8.3645,USD,41.94625283,0,Consumer Durables,-
RKDA,"Arcadia Biosciences, Inc.",2.5143,USD,1.79352227,3033,0.38704985,2791719.92210526,USD,-,-19.031,USD,47.58339944,0,Process Industries,Strong buy
AUUD,Auddia Inc.,3.07,USD,-6.68693009,933711,7.82079804,2511260,USD,-,-14.1658,USD,-8.58513851,0,Technology Services,-
BETSF,Bit Brother Limited,1.64,USD,-9.89010989,351593,0.04445643,2465354.32967033,USD,-,-1239.53,USD,-12933.96424816,0,Technology Services,-
PRSO,Peraso Inc.,1.83,USD,11.58536585,596093,5.3271961,2353998.18292683,USD,-,-41.854,USD,-78.76851583,0,Electronic Technology,Strong buy
ATNF,180 Life Sciences Corp.,3.53,USD,-14.32038835,152755,1.56446191,2302590.72572816,USD,-,-37.3934,USD,-1253.9035981,0,Health Technology,-
CRTD,CREATD INC.,6.04,USD,27.15789474,33603,5.0833535,2218823.88210526,USD,-,-496.215,USD,50.42311919,0,Technology Services,-
OILCF,Permex Petroleum Corporation,4.0108,USD,5.82585752,358,0.26698486,2211972.2432,USD,-,-9.9905192,USD,-18.26994673,0,Energy Minerals,-
WPFH,"WPF Holdings, Inc.",19.24,USD,-0.05194805,796,0.62514726,2152070.69823129,USD,-,-82.3177,USD,-96744.35294118,0,Industrial Services,-
VYBE,Limitless X Holdings Inc.,0.52,USD,-6.30630631,548,0.19593822,2068298,USD,-,-3.8236,USD,6.62075366,0,Health Technology,-
BKYI,"BIO-key International, Inc.",1.98,USD,-1,21760,0.56441196,1980000,USD,-,-15.89,USD,1.26203155,0,Technology Services,Strong buy
JFBR,Jeffs' Brands Ltd,1.56,USD,-1.88679245,11206,2.10425508,1854535.8490566,USD,-,-,-,-,0,Consumer Durables,-
BACK,"IMAC Holdings, Inc.",1.5302,USD,2.01333333,20845,1.36146616,1741859.30426667,USD,-,-13.6138,USD,14.3705381,0,Health Services,-
SMFL,"Smart for Life, Inc.",0.921,USD,-7.93682527,623380,1.01197116,1686767.67792883,USD,-,-174.5534,USD,53.52696941,0,Health Technology,Neutral
NRHI,Natural Resource Holdings Inc.,0.25,USD,0,175,0.07026984,1427470,USD,-,-0.7154,USD,46.12951807,0,Non-Energy Minerals,-
UK,Ucommune International Ltd,2.5,USD,0,1423727,2.95590374,1356535,USD,-,-35.6731,USD,83.30142452,0,Finance,-
AMPE,"Ampio Pharmaceuticals, Inc.",1.625,USD,4.16666667,95562,0.84351366,1352034.375,USD,-,-12.0549,USD,63.98404589,0,Health Technology,-
REVB,"Revelation Biosciences, Inc.",3.4,USD,0,141417,0.39974164,1347777,USD,-,-12.5747,USD,54.49357286,0,Health Technology,Strong buy
BBLG,Bone Biologics Corp,2.41,USD,2.98705184,23407,0.07588802,1287513.22593052,USD,-,-76.5695,USD,-86.18089597,0,Health Technology,-
SEQL,SeqLL Inc.,3.2,USD,-8.04597701,435,0.71311475,1218073.56321839,USD,-,-16.8571,USD,-17.70074012,0,Health Technology,-
SXTC,"China SXT Pharmaceuticals, Inc.",1.99,USD,1.01522843,224343,0.74949812,1125412.68020305,USD,-,-,-,-,0,Health Technology,-
LGHL,Lion Group Holding Ltd.,0.930499,USD,-1.11594049,46366,0.40043631,1102940,USD,-,-10.9999,USD,54.28878943,0,Finance,-
RMCO,Royalty Management Holding Corporation,1.45,USD,-8.2278481,58586,0.07897495,1076346.93037975,USD,21.22986823,0.0683,USD,-61.17111995,0,Finance,-
LADX,LadRx Corporation,2.08,USD,17.51412429,198,0.22618232,1029791.5480226,USD,-,-468.2006,USD,85.63493388,0,Health Technology,-
CTARF,Centaurus Energy Inc.,0.918,USD,-13.44521969,9758,5.85960488,1009800,USD,-,-7.30351059,USD,-117.59281588,0,Energy Minerals,-
GRDV,GOLDEN ROYAL DEVELOPMENT INC.,0.123,USD,0,4000,-,964511,USD,-,-0.0077,USD,4.9382716,0,Miscellaneous,-
ATDS,DATA443 RISK MITIGATION INC NEV,3,USD,0,213,0.65498155,859029,USD,-,-1004.4557,USD,95.09321831,0,Technology Services,-
GRI,"GRI Bio, Inc.",0.878,USD,8.83847775,295964,0.99742492,857091.04003967,USD,-,-85.1332,USD,64.14739235,0,Health Technology,-
GBUX,GIVBUX INC.,0.56,USD,-6.66666667,1100,0.78258395,728000,USD,-,-0.0193,USD,-211.29032258,0,Distribution Services,-
RMHI,Retrieve Medical Holdings Inc,1.7,USD,3.03030303,877,0.65574996,666090.73972603,USD,-,-0.9884,USD,-243.19444444,0,Health Technology,-
MGHL,Morgan Group Holding Co.,0.9528,USD,-0.75,151,0.08999344,571766,USD,-,-1.5834,USD,-14.76407915,0,Finance,-
STRG,STARGUIDE GROUP INC.,0.18,USD,0,13449,0.55501219,516240,USD,-,-0.0329,USD,-306.17283951,0,Finance,-
GLAE,"GlassBridge Enterprises, Inc.",20,USD,300,2,0.12048193,500000,USD,-,-151.5152,USD,-211.93010943,0,Finance,-
LKST,"LookSmart Group, Inc.",8.25,USD,312.5,100,0.24515813,478500,USD,-,-,-,-,0,Commercial Services,-
SNPWD,Sun Pacific Holding Corp.,1.96,USD,7.69230769,1114,0.5253478,477726.30769231,USD,-,-2.4,USD,-400,0,Electronic Technology,-
EMAX,Ecomax Inc.,0.176,USD,-9.04392765,100,0.04926108,419049,USD,-,-0.0224,USD,57.17017208,0,Finance,-
SING,SinglePoint Inc.,0.3309,USD,-6.31370328,265012,0.44256767,375481.56115515,USD,-,-361.1951,USD,64.80512963,0,Utilities,-
NXU,"Nxu, Inc.",0.823,USD,-16.3872803,1845204,0.18851635,321639.73788479,USD,-,-36.3132,USD,-266.5519295,0,Producer Manufacturing,-
BYSD,Bayside Corp.,1.02,USD,-0.97087379,145,0.12163409,312761,USD,-,-0.6592,USD,77.45631134,0,Technology Services,-
WSFL,"Woodstock Holdings, Inc.",0.14,USD,26.12612613,500,0.51679587,273539,USD,-,-,-,-,0,Finance,-
VLCN,"Volcon, Inc.",0.928,USD,-0.84410728,2136034,0.11549553,264486.44513303,USD,-,-412.5285,USD,7.57931667,0,Consumer Durables,-
WBBA,WB Burgers Asia Inc.,0.0001,USD,-50,155133,12.82196876,207264,USD,-,-,-,-,0,Consumer Services,-
BBOE,Black Box Entertainment Ltd.,0.55,USD,-0.1814882,1602,4.60609546,200477,USD,-,-,-,-,0,Commercial Services,-
MYCB,"My City Builders, Inc.",0.316,USD,-35.51020408,330,0.08211611,185393,USD,-,-3.5411,USD,-27139.23076923,0,Finance,-
ACGX,"Alliance Creative Group, Inc.",0.2676,USD,11.5,81330,4.65410389,160839.865,USD,9.66064982,0.0277,USD,19.91341991,0,Commercial Services,-
PFSF,"Pacific Software, Inc.",0.12,USD,0,3000,0.25819334,77040,USD,1.00586756,0.1193,USD,40.1880141,0,Technology Services,-
HIHI,"Holiday Island Holdings, Inc.",0.0367,USD,-8.25,8208,0.31755858,58488.79,USD,-,-0.0136,USD,30.96446701,0,Finance,-
LCCN,LeapCharger Corporation,0.075,USD,-75.80645161,71618,2.66610578,47148,USD,-,-54.5934,USD,-35898.95081967,0,Commercial Services,-
IVRN,Innoveren Scientific Inc.,0.059,USD,-15.71428571,191826,1.56838473,42050.14285714,USD,-,-5.7513,USD,87.90900376,0,Health Technology,-
CDIX,Cardiff Lexington Corporation,1.55,USD,0,600,1.13186191,30927,USD,-,-633.75,USD,-149.85250737,0,Health Services,-
CHYI,CHYKINGYOUNG INVT DEV HLDGS INC.,0.09,USD,-10,300,0.04954583,20520,USD,-,-,-,-,0,Process Industries,-
ASHI,ASBERRY 22 HLDGS INC.,0.042,USD,0,450,0.40185747,19826,USD,-,-,-,-,0,Consumer Non-Durables,-
RBRI,RBR Global Inc.,0.2,USD,0,100,0.41911148,18600,USD,-,-0.0429,USD,-1942.85714286,0,Non-Energy Minerals,-
ATHC,Accelerated Technologies Holding Corp.,0.014,USD,-41.64235098,243,0.01464808,10556,USD,-,-,-,-,0,Technology Services,-
SRKE,Strake Inc.,0.099,USD,190.32258065,1567,2.63228624,7425,USD,-,-0.4987,USD,28.75714286,0,Health Technology,-
PEHD,PERIGEE HLDGS INC.,0.015,USD,7400,100,0.34482759,6147,USD,-,-,-,-,0,Technology Services,-
FPWM,Charlestowne Premium Beverages Inc.,0.0007,USD,-93,403,0.1444548,3720,USD,-,-0.0053,USD,-8.16326531,0,Consumer Non-Durables,-
MGON,"Megola, Inc.",0.0038,USD,-2.56410256,1009,0.02066217,3340,USD,5.42857143,0.0007,USD,-,0,Producer Manufacturing,-
QTCI,Quantum Capital Inc.,0.015,USD,0,1344,0.13199635,3165,USD,2.11267606,0.0071,USD,-,0,Finance,-
IBGR,"Nexus Energy Services, Inc.",0.0123,USD,31.41025641,30000,0.03823844,2742.53205128,USD,-,-0.0073,USD,-284.21052632,0,Retail Trade,-
GPGC,Global Pole Trusion Group Corp.,0.0057,USD,0,5001,0.85627697,2337.3015873,USD,-,-,-,-,0,Producer Manufacturing,-
NBCO,Neon Bloom Inc.,0.008,USD,11.11111111,1508849,29.06517878,2254,USD,-,-0.0016,USD,11.11111111,0,Finance,-
RGRX,"RegeneRx Biopharmaceuticals, Inc.",0.0012,USD,0,1213,1.50571003,1796.364,USD,-,-,-,-,0,Health Technology,-
PHCFF,"Puhui Wealth Investment Management Co., Ltd.",0.0003,USD,200,169,0.176005,675.3699973,USD,-,-,-,-,0,Finance,-
TUEMQ,Tuesday Morning Corp New,0.0001,USD,0,182,0.0265457,595,USD,-,-,-,-,0,Retail Trade,-
SMFX,S A M TRADE ASIA PTE LTD,0.0004,USD,0,175,0.58764271,368.3632,USD,-,-,-,-,0,Finance,-
MNIZ,GEN 2 TECHNOLOGIES INC.,0.0594,USD,40.42553191,100,0.29931158,172.72340426,USD,-,-,-,-,0,Producer Manufacturing,-
SECI,"Sector 10, Inc.",0.0001,USD,-98,243,0.61816332,30.5778,USD,-,-0.1708,USD,-258.88372093,0,Distribution Services,-
BMXC,Bemax Inc.,0.0084,USD,9.09090909,3000,0.01394445,5,USD,0.42424242,0.0198,USD,-,0,Retail Trade,-
PCHK,Pacific Conquest Holdings Inc.,0.000001,USD,0,100,0.76923077,1.10584,USD,-,-,-,-,0,Miscellaneous,-
KALRQ,Kalera Public Limited Company,0.000001,USD,0,2010,0.90098167,0.91877828,USD,-,-,-,-,0,Process Industries,-